Email,Coach_ID
dmathet0@fda.gov,43
etowler1@dmoz.org,45
bgheorghie2@yellowbook.com,67
gcroneen3@google.nl,20
sheigho4@nyu.edu,3
barndtsen5@go.com,63
jaldus6@newsvine.com,38
snanuccioi7@si.edu,63
slintott8@sciencedirect.com,63
sdimitriev9@ox.ac.uk,9
lattewilla@constantcontact.com,28
pannettb@sourceforge.net,52
bphilipsohnc@sourceforge.net,1
zhalfheadd@chron.com,7
nbruckenthale@w3.org,12
jgilardonef@reference.com,99
tmetterickg@uol.com.br,68
cshernockh@addthis.com,81
cgotcheri@spiegel.de,64
ypeppardj@cisco.com,8
aeverwink@miibeian.gov.cn,27
cboydonl@example.com,13
nwoodmanm@spotify.com,18
okinavann@prnewswire.com,73
cschumachero@cbslocal.com,56
htissierp@typepad.com,64
aeaddyq@sogou.com,7
vscatcherr@addtoany.com,74
msaywards@ted.com,45
bwisniewskit@tmall.com,45
jheballu@usda.gov,94
rludev@netscape.com,52
jranaldw@parallels.com,25
dreichardtx@discuz.net,42
cediey@disqus.com,28
aglancyz@webs.com,21
elinskey10@bravesites.com,39
dtemplman11@uiuc.edu,41
fbanes12@archive.org,45
hsictornes13@webnode.com,62
kasher14@apple.com,38
edewicke15@mapy.cz,85
wdimmock16@dailymotion.com,81
svizard17@abc.net.au,98
rfatharly18@trellian.com,5
hdarrow19@toplist.cz,81
vrestill1a@utexas.edu,91
struggian1b@jugem.jp,46
taguirre1c@patch.com,10
jcomerford1d@marriott.com,64
