Coach_ID,Name,Email
43,Deb,dmathet0@fda.gov
45,Em,etowler1@dmoz.org
67,Briant,bgheorghie2@yellowbook.com
20,George,gcroneen3@google.nl
3,Saw,sheigho4@nyu.edu
63,Brice,barndtsen5@go.com
38,Johny,jaldus6@newsvine.com
63,Sayer,snanuccioi7@si.edu
63,Selena,slintott8@sciencedirect.com
9,Stanford,sdimitriev9@ox.ac.uk
28,Lizbeth,lattewilla@constantcontact.com
52,Pooh,pannettb@sourceforge.net
1,Becka,bphilipsohnc@sourceforge.net
7,Zaccaria,zhalfheadd@chron.com
12,Neils,nbruckenthale@w3.org
99,Jerrilyn,jgilardonef@reference.com
68,Tye,tmetterickg@uol.com.br
81,Cordy,cshernockh@addthis.com
64,Catherine,cgotcheri@spiegel.de
8,Yorke,ypeppardj@cisco.com
27,Ardelis,aeverwink@miibeian.gov.cn
13,Constantia,cboydonl@example.com
18,Neal,nwoodmanm@spotify.com
73,Olenolin,okinavann@prnewswire.com
56,Cherilynn,cschumachero@cbslocal.com
64,Holly,htissierp@typepad.com
7,Aubert,aeaddyq@sogou.com
74,Venus,vscatcherr@addtoany.com
45,Madge,msaywards@ted.com
45,Binni,bwisniewskit@tmall.com
94,Justin,jheballu@usda.gov
52,Rivy,rludev@netscape.com
25,Jessamine,jranaldw@parallels.com
42,Dory,dreichardtx@discuz.net
28,Clarette,cediey@disqus.com
21,Annadiana,aglancyz@webs.com
39,Eada,elinskey10@bravesites.com
41,Dorelia,dtemplman11@uiuc.edu
45,Farrah,fbanes12@archive.org
62,Halley,hsictornes13@webnode.com
38,Kelsey,kasher14@apple.com
85,Emelyne,edewicke15@mapy.cz
81,Washington,wdimmock16@dailymotion.com
98,Shanda,svizard17@abc.net.au
5,Randene,rfatharly18@trellian.com
81,Hashim,hdarrow19@toplist.cz
91,Vladimir,vrestill1a@utexas.edu
46,Shayna,struggian1b@jugem.jp
10,Torry,taguirre1c@patch.com
64,Jeanna,jcomerford1d@marriott.com
