Dietitian_ID,Name,Email,Player_ID
63,Tracy Tire,ttire0@google.com.au,99
95,Peggi Findon,pfindon1@addtoany.com,71
26,Wilhelmine Eberst,weberst2@yandex.ru,12
89,Gilberte Dunderdale,gdunderdale3@canalblog.com,2
23,Milton Gowan,mgowan4@booking.com,2
77,Hurley Aylen,haylen5@abc.net.au,96
24,Frederigo Capinetti,fcapinetti6@salon.com,30
40,Wyatt Osipenko,wosipenko7@usda.gov,92
37,Nowell Skarin,nskarin8@istockphoto.com,53
34,Marcia Lowry,mlowry9@google.co.jp,6
89,Paulette Postle,ppostlea@wordpress.com,98
94,Katrina Grisard,kgrisardb@uiuc.edu,25
65,Ethelda McDirmid,emcdirmidc@uiuc.edu,96
82,Aubrie Francescuzzi,afrancescuzzid@drupal.org,19
28,Kessia Domney,kdomneye@pagesperso-orange.fr,83
71,Eustace Lowfill,elowfillf@addthis.com,27
63,Barn Gollin,bgolling@freewebs.com,12
65,Sinclair Haskey,shaskeyh@blogs.com,11
65,Kimbell Beadham,kbeadhami@economist.com,14
35,Janenna Shackell,jshackellj@discovery.com,44
4,Nick Slany,nslanyk@cbc.ca,50
70,Therine McFaul,tmcfaull@drupal.org,98
23,Bryana Wilbraham,bwilbrahamm@nba.com,71
6,Barry Lecky,bleckyn@geocities.com,63
54,Sarene Brade,sbradeo@imageshack.us,87
2,Misty Vinas,mvinasp@amazon.de,15
80,Derward Farren,dfarrenq@a8.net,67
3,Callean Jickells,cjickellsr@studiopress.com,70
46,Shaina Dymick,sdymicks@google.pl,24
84,Keefer Hewins,khewinst@last.fm,29
8,Daphene Sibille,dsibilleu@japanpost.jp,22
12,Emmalynn Andriveaux,eandriveauxv@newsvine.com,5
62,Liliane Greenacre,lgreenacrew@craigslist.org,72
9,Rheta Camsey,rcamseyx@sourceforge.net,53
74,Cullin Carmichael,ccarmichaely@craigslist.org,1
44,Egan Lobbe,elobbez@biglobe.ne.jp,52
21,Kalie Faire,kfaire10@meetup.com,72
78,Elonore Kettles,ekettles11@gravatar.com,47
59,Ethe Toffel,etoffel12@archive.org,10
47,Fanchon Camilletti,fcamilletti13@mashable.com,89
26,Mel Iwanicki,miwanicki14@altervista.org,6
3,Waylin Douty,wdouty15@wired.com,22
84,Evita Hudleston,ehudleston16@ox.ac.uk,40
99,Clark Stalman,cstalman17@naver.com,9
55,Jerrome Levinge,jlevinge18@ca.gov,55
33,Hilario Rosel,hrosel19@foxnews.com,3
62,Marlyn Behn,mbehn1a@answers.com,97
8,Minda Dutnall,mdutnall1b@bluehost.com,60
55,Almira Beddin,abeddin1c@plala.or.jp,92
6,Aleta Harcase,aharcase1d@desdev.cn,97
