Email,Dietitian_ID
ttire0@google.com.au,63
pfindon1@addtoany.com,95
weberst2@yandex.ru,26
gdunderdale3@canalblog.com,89
mgowan4@booking.com,23
haylen5@abc.net.au,77
fcapinetti6@salon.com,24
wosipenko7@usda.gov,40
nskarin8@istockphoto.com,37
mlowry9@google.co.jp,34
ppostlea@wordpress.com,89
kgrisardb@uiuc.edu,94
emcdirmidc@uiuc.edu,65
afrancescuzzid@drupal.org,82
kdomneye@pagesperso-orange.fr,28
elowfillf@addthis.com,71
bgolling@freewebs.com,63
shaskeyh@blogs.com,65
kbeadhami@economist.com,65
jshackellj@discovery.com,35
nslanyk@cbc.ca,4
tmcfaull@drupal.org,70
bwilbrahamm@nba.com,23
bleckyn@geocities.com,6
sbradeo@imageshack.us,54
mvinasp@amazon.de,2
dfarrenq@a8.net,80
cjickellsr@studiopress.com,3
sdymicks@google.pl,46
khewinst@last.fm,84
dsibilleu@japanpost.jp,8
eandriveauxv@newsvine.com,12
lgreenacrew@craigslist.org,62
rcamseyx@sourceforge.net,9
ccarmichaely@craigslist.org,74
elobbez@biglobe.ne.jp,44
kfaire10@meetup.com,21
ekettles11@gravatar.com,78
etoffel12@archive.org,59
fcamilletti13@mashable.com,47
miwanicki14@altervista.org,26
wdouty15@wired.com,3
ehudleston16@ox.ac.uk,84
cstalman17@naver.com,99
jlevinge18@ca.gov,55
hrosel19@foxnews.com,33
mbehn1a@answers.com,62
mdutnall1b@bluehost.com,8
abeddin1c@plala.or.jp,55
aharcase1d@desdev.cn,6
