Doctor_ID,Name,Email,Speciality,Hospital_Affiliation
53,Trista Rochford,trochford0@ucoz.com,Ophthalmology,Hospital A
73,Bear Huish,bhuish1@acquirethisname.com,Ophthalmology,Hospital C
7,Weber Milton-White,wmiltonwhite2@un.org,Ophthalmology,Hospital E
8,Gabie Etches,getches3@comsenz.com,General Physician,Hospital B
80,Iolanthe Oxenford,ioxenford4@hibu.com,Neurology,Hospital D
69,Reinhard MacAne,rmacane5@senate.gov,General Physician,Hospital E
79,Jameson Petzolt,jpetzolt6@seattletimes.com,Neurology,Hospital D
99,Deloris Heffernan,dheffernan7@mashable.com,Neurology,Hospital D
41,Demetre Caverhill,dcaverhill8@canalblog.com,Cardiology,Hospital C
21,Fields Ceci,fceci9@google.ru,General Physician,Hospital E
98,Sabra Phette,sphettea@biblegateway.com,Ophthalmology,Hospital D
88,Sigismundo Jobbings,sjobbingsb@tuttocitta.it,Orthopedics,Hospital A
4,Martelle Schwand,mschwandc@ezinearticles.com,General Physician,Hospital A
11,Sukey Barents,sbarentsd@uiuc.edu,Ophthalmology,Hospital A
70,Ealasaid Groves,egrovese@washingtonpost.com,Cardiology,Hospital A
69,Erica Oxtarby,eoxtarbyf@lycos.com,Cardiology,Hospital A
72,Ralph Magwood,rmagwoodg@webs.com,Orthopedics,Hospital A
8,Byram Mooring,bmooringh@ted.com,Ophthalmology,Hospital A
84,Madlin Peter,mpeteri@skype.com,Orthopedics,Hospital E
62,Ransell Dossetter,rdossetterj@archive.org,Neurology,Hospital A
58,Mackenzie Hansana,mhansanak@senate.gov,Neurology,Hospital A
57,Nelli Partner,npartnerl@e-recht24.de,Neurology,Hospital C
79,Selena Baskeyfied,sbaskeyfiedm@hatena.ne.jp,Orthopedics,Hospital C
5,Norean MacGruer,nmacgruern@typepad.com,Orthopedics,Hospital A
54,Antony Brehault,abrehaulto@51.la,Cardiology,Hospital C
93,Rosalinde Kerwood,rkerwoodp@yolasite.com,Orthopedics,Hospital C
40,Zacherie Kilgannon,zkilgannonq@adobe.com,General Physician,Hospital D
4,Consuela McGahey,cmcgaheyr@admin.ch,Ophthalmology,Hospital A
57,Sheff McCrorie,smccrories@vk.com,General Physician,Hospital A
79,Therese Austwick,taustwickt@netscape.com,Cardiology,Hospital D
11,Evvy Murt,emurtu@vimeo.com,Orthopedics,Hospital D
2,Aleda Touret,atouretv@latimes.com,General Physician,Hospital E
35,Cyndi Stucke,cstuckew@dion.ne.jp,Cardiology,Hospital C
14,Leigha Sandifer,lsandiferx@scientificamerican.com,Orthopedics,Hospital B
27,Haydon Ortzen,hortzeny@nytimes.com,Ophthalmology,Hospital E
1,Marwin Casajuana,mcasajuanaz@google.ru,Ophthalmology,Hospital C
32,Reeva Showl,rshowl10@businessinsider.com,Neurology,Hospital A
19,Alexander Wardhough,awardhough11@ocn.ne.jp,Ophthalmology,Hospital D
91,Robinett Du Fray,rdu12@blog.com,General Physician,Hospital A
72,Deina Reely,dreely13@skype.com,Orthopedics,Hospital C
53,Wendi Daverin,wdaverin14@washingtonpost.com,Orthopedics,Hospital E
34,Buck Robertelli,brobertelli15@biglobe.ne.jp,Cardiology,Hospital E
66,Jerome Wegner,jwegner16@archive.org,Neurology,Hospital E
35,Boot Perl,bperl17@omniture.com,Cardiology,Hospital A
74,Marthe Parkyns,mparkyns18@topsy.com,Cardiology,Hospital E
26,Abraham Doonican,adoonican19@meetup.com,Ophthalmology,Hospital E
37,Svend Sawday,ssawday1a@imgur.com,Neurology,Hospital B
53,Dmitri Itzkovsky,ditzkovsky1b@thetimes.co.uk,General Physician,Hospital C
65,Hank Carstairs,hcarstairs1c@china.com.cn,Neurology,Hospital C
56,Lonna O'Suaird,losuaird1d@hubpages.com,Orthopedics,Hospital C
