Email,Doctor_ID
trochford0@ucoz.com,53
bhuish1@acquirethisname.com,73
wmiltonwhite2@un.org,7
getches3@comsenz.com,8
ioxenford4@hibu.com,80
rmacane5@senate.gov,69
jpetzolt6@seattletimes.com,79
dheffernan7@mashable.com,99
dcaverhill8@canalblog.com,41
fceci9@google.ru,21
sphettea@biblegateway.com,98
sjobbingsb@tuttocitta.it,88
mschwandc@ezinearticles.com,4
sbarentsd@uiuc.edu,11
egrovese@washingtonpost.com,70
eoxtarbyf@lycos.com,69
rmagwoodg@webs.com,72
bmooringh@ted.com,8
mpeteri@skype.com,84
rdossetterj@archive.org,62
mhansanak@senate.gov,58
npartnerl@e-recht24.de,57
sbaskeyfiedm@hatena.ne.jp,79
nmacgruern@typepad.com,5
abrehaulto@51.la,54
rkerwoodp@yolasite.com,93
zkilgannonq@adobe.com,40
cmcgaheyr@admin.ch,4
smccrories@vk.com,57
taustwickt@netscape.com,79
emurtu@vimeo.com,11
atouretv@latimes.com,2
cstuckew@dion.ne.jp,35
lsandiferx@scientificamerican.com,14
hortzeny@nytimes.com,27
mcasajuanaz@google.ru,1
rshowl10@businessinsider.com,32
awardhough11@ocn.ne.jp,19
rdu12@blog.com,91
dreely13@skype.com,72
wdaverin14@washingtonpost.com,53
brobertelli15@biglobe.ne.jp,34
jwegner16@archive.org,66
bperl17@omniture.com,35
mparkyns18@topsy.com,74
adoonican19@meetup.com,26
ssawday1a@imgur.com,37
ditzkovsky1b@thetimes.co.uk,53
hcarstairs1c@china.com.cn,65
losuaird1d@hubpages.com,56
