Health_Report,Team_ID,Doctor_ID
Poor,MIA,53
Average,MIL,73
Excellent,MIA,7
Average,LOS,8
Poor,GSW,80
Excellent,MIA,69
Below Average,BYN,79
Poor,GSW,99
Average,BNY,41
Excellent,BNY,21
Excellent,MIA,98
Poor,MIA,88
Average,LOS,4
Below Average,LOS,11
Average,MIL,70
Below Average,GSW,69
Excellent,GSW,72
Below Average,LOS,8
Below Average,MIA,84
Poor,MIA,62
Excellent,LOS,58
Poor,GSW,57
Excellent,MIA,79
Poor,LOS,5
Excellent,MIL,54
Average,MIA,93
Average,MIL,40
Average,LOS,4
Below Average,GSW,57
Excellent,LOS,79
Poor,MIL,11
Poor,MIL,2
Excellent,MIA,35
Excellent,BNY,14
Below Average,GSW,27
Below Average,GSW,1
Excellent,MIL,32
Below Average,BNY,19
Average,LOS,91
Excellent,LOS,72
Poor,GSW,53
Excellent,MIL,34
Excellent,GSW,66
Average,MIL,35
Excellent,BNY,74
Average,GSW,26
Poor,LOS,37
Average,MIA,53
Average,MIA,65
Excellent,MIL,56
