Email,Manager_ID
cmuddicliffe0@usda.gov,21
rarnaldi1@wiley.com,72
dheddy2@cmu.edu,59
gpetchey3@baidu.com,63
mminard4@nature.com,57
dhutton5@sbwire.com,29
jsmail6@macromedia.com,74
aarnell7@twitter.com,74
mbellow8@miitbeian.gov.cn,37
hbrownsmith9@ft.com,57
mknowlysa@is.gd,18
ccanonb@va.gov,57
mjerremsc@meetup.com,45
tslimmond@sogou.com,29
jaddeycotte@bluehost.com,93
kboyesf@freewebs.com,57
nskerrattg@list-manage.com,86
fshuttleh@digg.com,71
mbertini@whitehouse.gov,49
cbosquetj@noaa.gov,27
mtreweelak@amazon.com,77
rwaindl@disqus.com,89
kwarlawm@ocn.ne.jp,72
fbraithwaitn@reference.com,62
lcustyo@slashdot.org,27
zbrillemanp@dyndns.org,14
dhowtonq@seesaa.net,38
awaddellr@prweb.com,36
hjanowskis@wikimedia.org,79
rtreneart@surveymonkey.com,66
estuckesu@google.ca,53
bhatjev@reuters.com,23
odronw@digg.com,45
bwilprechtx@youtube.com,40
aabbayy@toplist.cz,56
mwhisbyz@nih.gov,24
cghest10@ca.gov,19
whelsdon11@apple.com,77
bmitford12@ihg.com,82
oghirardi13@dropbox.com,25
qsympson14@miibeian.gov.cn,44
msturges15@uol.com.br,57
fmcrorie16@360.cn,58
fdennerly17@slashdot.org,81
jconnow18@feedburner.com,41
smacandrew19@irs.gov,95
tbrosini1a@shinystat.com,52
nedmans1b@state.tx.us,46
kbims1c@desdev.cn,7
kriordan1d@icio.us,10
