Manager_ID,Name,Email
21,Charmaine,cmuddicliffe0@usda.gov
72,Reynard,rarnaldi1@wiley.com
59,Deni,dheddy2@cmu.edu
63,Gae,gpetchey3@baidu.com
57,Morris,mminard4@nature.com
29,Drona,dhutton5@sbwire.com
74,Jesse,jsmail6@macromedia.com
74,Aleda,aarnell7@twitter.com
37,Maggee,mbellow8@miitbeian.gov.cn
57,Haroun,hbrownsmith9@ft.com
18,Myca,mknowlysa@is.gd
57,Crysta,ccanonb@va.gov
45,Merrie,mjerremsc@meetup.com
29,Tatum,tslimmond@sogou.com
93,Jeffy,jaddeycotte@bluehost.com
57,Kristos,kboyesf@freewebs.com
86,Neall,nskerrattg@list-manage.com
71,Frederich,fshuttleh@digg.com
49,Magda,mbertini@whitehouse.gov
27,Celestyn,cbosquetj@noaa.gov
77,Marjory,mtreweelak@amazon.com
89,Roberto,rwaindl@disqus.com
72,Kelly,kwarlawm@ocn.ne.jp
62,Franky,fbraithwaitn@reference.com
27,Leicester,lcustyo@slashdot.org
14,Zola,zbrillemanp@dyndns.org
38,Dickie,dhowtonq@seesaa.net
36,Avram,awaddellr@prweb.com
79,Hayward,hjanowskis@wikimedia.org
66,Ruprecht,rtreneart@surveymonkey.com
53,Esme,estuckesu@google.ca
23,Babs,bhatjev@reuters.com
45,Olag,odronw@digg.com
40,Benita,bwilprechtx@youtube.com
56,Alleyn,aabbayy@toplist.cz
24,Munroe,mwhisbyz@nih.gov
19,Carr,cghest10@ca.gov
77,Willis,whelsdon11@apple.com
82,Bernadine,bmitford12@ihg.com
25,Olav,oghirardi13@dropbox.com
44,Quintilla,qsympson14@miibeian.gov.cn
57,Marquita,msturges15@uol.com.br
58,Feliza,fmcrorie16@360.cn
81,Florian,fdennerly17@slashdot.org
41,Jelene,jconnow18@feedburner.com
95,Sylas,smacandrew19@irs.gov
52,Tuckie,tbrosini1a@shinystat.com
46,Nora,nedmans1b@state.tx.us
7,Kania,kbims1c@desdev.cn
10,Kalina,kriordan1d@icio.us
