Team_ID,Player_ID,Doctor_ID,Physio_ID,Manager_ID,Coach_ID,Team Mascot,Team_Name,City
MIA,99,53,94,21,43,Dragons,Miami Heat,Miami
MIL,71,73,65,72,45,Bears,Milwaukee Bucks,Milwaukee
MIA,12,7,45,59,67,Lions,Miami Heat,Miami
LOS,2,8,2,63,20,Dragons,Los Angeles Lakers,Los
GSW,2,80,77,57,3,Wolves,Golden State Warriors,Golden
MIA,96,69,23,29,63,Wolves,Miami Heat,Miami
BYN,30,79,15,74,38,Bulldogs,Brooklyn Nets,Brooklyn
GSW,92,99,97,74,63,Panthers,Golden State Warriors,Golden
BNY,53,41,9,37,63,Eagles,Brooklyn Nets,Brooklyn
BNY,6,21,26,57,9,Hawks,Brooklyn Nets,Brooklyn
MIA,98,98,78,18,28,Hawks,Miami Heat,Miami
MIA,25,88,67,57,52,Wolves,Miami Heat,Miami
LOS,96,4,73,45,1,Bears,Los Angeles Lakers,Los
LOS,19,11,37,29,7,Lions,Los Angeles Lakers,Los
MIL,83,70,5,93,12,Tigers,Milwaukee Bucks,Milwaukee
GSW,27,69,58,57,99,Bears,Golden State Warriors,Golden
GSW,12,72,69,86,68,Hawks,Golden State Warriors,Golden
LOS,11,8,0,71,81,Panthers,Los Angeles Lakers,Los
MIA,14,84,93,49,64,Panthers,Miami Heat,Miami
MIA,44,62,10,27,8,Bears,Miami Heat,Miami
LOS,50,58,55,77,27,Bulldogs,Los Angeles Lakers,Los
GSW,98,57,0,89,13,Eagles,Golden State Warriors,Golden
MIA,71,79,87,72,18,Panthers,Miami Heat,Miami
LOS,63,5,44,62,73,Bears,Los Angeles Lakers,Los
MIL,87,54,10,27,56,Lions,Milwaukee Bucks,Milwaukee
MIA,15,93,59,14,64,Bears,Miami Heat,Miami
MIL,67,40,82,38,7,Dragons,Milwaukee Bucks,Milwaukee
LOS,70,4,89,36,74,Bulldogs,Los Angeles Lakers,Los
GSW,24,57,24,79,45,Hawks,Golden State Warriors,Golden
LOS,29,79,85,66,45,Panthers,Los Angeles Lakers,Los
MIL,22,11,47,53,94,Hawks,Milwaukee Bucks,Milwaukee
MIL,5,2,98,23,52,Dragons,Milwaukee Bucks,Milwaukee
MIA,72,35,18,45,25,Panthers,Miami Heat,Miami
BNY,53,14,91,40,42,Panthers,Brooklyn Nets,Brooklyn
GSW,1,27,94,56,28,Hawks,Golden State Warriors,Golden
GSW,52,1,28,24,21,Tigers,Golden State Warriors,Golden
MIL,72,32,65,19,39,Bears,Milwaukee Bucks,Milwaukee
BNY,47,19,25,77,41,Hawks,Brooklyn Nets,Brooklyn
LOS,10,91,69,82,45,Panthers,Los Angeles Lakers,Los
LOS,89,72,95,25,62,Bulldogs,Los Angeles Lakers,Los
GSW,6,53,67,44,38,Sharks,Golden State Warriors,Golden
MIL,22,34,79,57,85,Lions,Milwaukee Bucks,Milwaukee
GSW,40,66,18,58,81,Eagles,Golden State Warriors,Golden
MIL,9,35,98,81,98,Eagles,Milwaukee Bucks,Milwaukee
BNY,55,74,69,41,5,Eagles,Brooklyn Nets,Brooklyn
GSW,3,26,42,95,81,Tigers,Golden State Warriors,Golden
LOS,97,37,77,52,91,Sharks,Los Angeles Lakers,Los
MIA,60,53,81,46,46,Sharks,Miami Heat,Miami
MIA,92,65,61,7,10,Dragons,Miami Heat,Miami
MIL,97,56,64,10,64,Lions,Milwaukee Bucks,Milwaukee
