Physio_ID,Name,Email
94,Esdras,eatty0@twitpic.com
65,Regina,rcarss1@apple.com
45,Ralph,ragglio2@qq.com
2,Genevieve,gbenjefield3@storify.com
77,Arnaldo,aollier4@paginegialle.it
23,Carce,cglasspool5@acquirethisname.com
15,Lucy,lserrell6@yolasite.com
97,Mildrid,mwinspar7@mapquest.com
9,Garvin,ggath8@state.tx.us
26,Lorin,lpurcer9@slate.com
78,Kaja,kubanka@vinaora.com
67,Bard,bwardellb@tripod.com
73,Hewitt,hgravellsc@walmart.com
37,Bobine,bflitcroftd@skyrock.com
5,Derk,dmcvitye@cbslocal.com
58,Stephenie,shearnshawf@example.com
69,Thatcher,tluttgerg@live.com
0,Brietta,bchampkenh@sciencedaily.com
93,Philis,psiwardi@cbsnews.com
10,Loleta,ldeakesj@google.co.uk
55,Cherry,cskermk@yahoo.com
0,Milt,mfostl@google.pl
87,Mitchell,mbirdseyem@eepurl.com
44,Horten,hcastanonen@go.com
10,Langsdon,lmarleo@google.com.au
59,Stearne,smachansp@oaic.gov.au
82,Padraic,pheintzschq@shinystat.com
89,Ferrel,fmastersonr@twitter.com
24,Aldin,achidleys@arstechnica.com
85,Rycca,rpendreight@rambler.ru
47,Lazar,lwhistanu@netvibes.com
98,Yvon,yfellmanv@icio.us
18,Ode,ogrimshaww@craigslist.org
91,Dorolice,dwallesx@stanford.edu
94,Hakim,hpennelly@newsvine.com
28,Etti,elowlez@oracle.com
65,Gerti,gmercey10@drupal.org
25,Pepe,pbennell11@ucoz.ru
69,Lanette,lmaclennan12@admin.ch
95,Bernadine,bseville13@360.cn
67,Janie,jwilsone14@sina.com.cn
79,Sapphira,sdelisle15@spotify.com
18,Ludovico,ltighe16@timesonline.co.uk
98,Margy,makid17@harvard.edu
69,Griffy,ghonsch18@lycos.com
42,Annadiane,amonckton19@about.me
77,Quinn,qgrandham1a@yale.edu
81,Raf,rpiotr1b@tmall.com
61,Demetria,ddowey1c@youtube.com
64,Ofelia,okalaher1d@photobucket.com
