Email,Physio_ID
eatty0@twitpic.com,94
rcarss1@apple.com,65
ragglio2@qq.com,45
gbenjefield3@storify.com,2
aollier4@paginegialle.it,77
cglasspool5@acquirethisname.com,23
lserrell6@yolasite.com,15
mwinspar7@mapquest.com,97
ggath8@state.tx.us,9
lpurcer9@slate.com,26
kubanka@vinaora.com,78
bwardellb@tripod.com,67
hgravellsc@walmart.com,73
bflitcroftd@skyrock.com,37
dmcvitye@cbslocal.com,5
shearnshawf@example.com,58
tluttgerg@live.com,69
bchampkenh@sciencedaily.com,0
psiwardi@cbsnews.com,93
ldeakesj@google.co.uk,10
cskermk@yahoo.com,55
mfostl@google.pl,0
mbirdseyem@eepurl.com,87
hcastanonen@go.com,44
lmarleo@google.com.au,10
smachansp@oaic.gov.au,59
pheintzschq@shinystat.com,82
fmastersonr@twitter.com,89
achidleys@arstechnica.com,24
rpendreight@rambler.ru,85
lwhistanu@netvibes.com,47
yfellmanv@icio.us,98
ogrimshaww@craigslist.org,18
dwallesx@stanford.edu,91
hpennelly@newsvine.com,94
elowlez@oracle.com,28
gmercey10@drupal.org,65
pbennell11@ucoz.ru,25
lmaclennan12@admin.ch,69
bseville13@360.cn,95
jwilsone14@sina.com.cn,67
sdelisle15@spotify.com,79
ltighe16@timesonline.co.uk,18
makid17@harvard.edu,98
ghonsch18@lycos.com,69
amonckton19@about.me,42
qgrandham1a@yale.edu,77
rpiotr1b@tmall.com,81
ddowey1c@youtube.com,61
okalaher1d@photobucket.com,64
