Player_ID,Goals_Scored,Player_Name,Height,3PTS,2PTS,Weight,position,Minutes_Played,Diet_Plan,Workout_Plan,Games_Played,DOB
99,89,Virgilio Priel,5,79,32,78,Center,21:53,High Protein,Cardio,198,1992-09-18
71,41,Larry Bagge,5,69,81,70,Center,0:25,High Protein,Yoga,133,1988-07-24
12,5,Culver Stonary,6,96,88,60,Small Forward,20:13,Vegan,Pilates,251,2002-07-18
2,3,Terrill Carratt,5,57,59,87,Center,10:35,Low Carb,Pilates,377,1990-10-20
2,27,Adolphe Amner,5,85,63,62,Power Forward,10:22,Vegan,Pilates,31,1994-10-08
96,96,Carmela Mather,5,37,74,83,Shooting Guard,5:24,Low Carb,Strength Training,209,2004-12-16
30,72,Layney Kettlesting,5,18,30,76,Center,10:17,Low Carb,Yoga,55,2005-12-13
92,67,Tim Georger,5,41,93,55,Small Forward,10:47,Vegan,Yoga,361,1991-08-19
53,21,Lonny Weyland,5,1,98,67,Center,1:50,Vegan,Strength Training,204,2001-08-18
6,37,Lynette Jadczak,6,30,4,63,Shooting Guard,21:37,High Protein,Cardio,269,1989-03-09
98,54,Correy Gissing,6,20,51,59,Point Guard,15:44,Vegetarian,Pilates,343,1995-10-06
25,91,Florian Sivill,5,28,87,68,Point Guard,13:24,High Protein,Yoga,138,1996-10-29
96,52,Noellyn Kippin,5,17,56,82,Small Forward,2:47,Vegetarian,Cardio,214,1988-03-13
19,57,Tarah Siemantel,6,64,98,71,Point Guard,17:25,Vegan,Yoga,38,1995-10-04
83,93,Barnabe Harbison,5,43,89,85,Center,9:05,Vegan,Strength Training,180,2003-11-25
27,49,Consuela Appleyard,5,57,31,55,Power Forward,17:36,Vegan,Cardio,399,1989-03-09
12,53,Janeczka Lehrian,6,0,48,79,Center,10:39,Low Carb,Cardio,362,2004-03-10
11,96,Jami Greep,6,17,39,64,Small Forward,22:52,Low Carb,Cardio,203,2001-02-23
14,54,Rainer Harvison,5,36,89,85,Shooting Guard,1:11,High Protein,Strength Training,98,2004-09-23
44,44,Kahlil Scheffler,6,50,0,82,Center,20:22,Vegan,Yoga,171,1995-09-27
50,54,Hendrika Dronsfield,5,91,73,75,Shooting Guard,12:48,Vegetarian,Pilates,34,2002-07-02
98,3,Welsh Dugood,5,44,58,77,Center,6:58,High Protein,Cardio,53,1997-09-27
71,28,Kara-lynn Rennock,6,44,62,81,Shooting Guard,16:59,Low Carb,Pilates,57,1999-05-28
63,88,Gerrie Sanpere,5,3,43,70,Point Guard,22:18,High Protein,Pilates,196,1996-01-17
87,44,Zedekiah Chastney,5,6,25,51,Power Forward,14:40,Low Carb,Yoga,13,1992-06-24
15,13,Bev Chatelet,6,98,40,75,Shooting Guard,9:13,Vegetarian,Cardio,334,1995-01-01
67,37,Reagen Realff,5,92,59,85,Shooting Guard,15:53,Low Carb,Cardio,300,1994-05-22
70,87,Dorothea Comusso,6,46,74,67,Point Guard,1:23,Vegetarian,Yoga,305,1994-08-30
24,85,Franky Howford,5,2,10,54,Small Forward,9:31,Vegetarian,Cardio,390,2001-11-04
29,49,Kitti Faye,5,51,55,77,Power Forward,14:10,High Protein,Cardio,85,1994-05-06
22,37,Mathias Manchester,5,7,50,57,Power Forward,21:52,Vegetarian,Pilates,305,2005-01-15
5,90,Maribel Wilkinson,6,17,60,54,Power Forward,15:05,Vegan,Cardio,233,1993-03-03
72,24,Burr McCreary,5,13,10,71,Center,8:59,Vegan,Yoga,282,2003-10-10
53,57,Nadia Corten,5,34,6,77,Center,2:37,Low Carb,Yoga,103,1990-03-01
1,12,Rice Gore,6,19,31,62,Shooting Guard,13:44,Vegetarian,Cardio,223,1996-10-03
52,71,Whitney McKennan,5,73,41,53,Shooting Guard,12:38,Vegetarian,Pilates,24,1988-05-20
72,4,Lavinie Lanahan,6,21,78,72,Center,20:37,Low Carb,Cardio,12,1993-08-31
47,18,Laverne Winson,6,64,85,84,Shooting Guard,23:44,High Protein,Cardio,1,1998-02-18
10,35,Stavros Patey,6,5,51,71,Center,7:32,Vegan,Yoga,44,1992-05-05
89,57,Gasparo Durdy,6,62,16,83,Power Forward,9:59,Low Carb,Yoga,212,1996-09-16
6,86,Meredeth Pittson,5,83,86,86,Point Guard,14:32,Vegetarian,Strength Training,42,1988-02-29
22,26,Maynord Goodbourn,5,57,28,90,Shooting Guard,3:56,Low Carb,Strength Training,201,1995-06-23
40,51,Estel Crippes,6,15,21,58,Point Guard,16:39,Vegan,Strength Training,365,2000-12-10
9,9,Elke Budnk,5,35,57,77,Power Forward,16:29,Vegetarian,Strength Training,385,1997-04-09
55,28,Iosep Siderfin,6,7,5,56,Small Forward,3:29,Low Carb,Yoga,120,2004-04-17
3,40,Noak O'Lenechan,5,19,80,55,Point Guard,6:06,Vegan,Pilates,234,2005-07-11
97,27,Horten Lettson,6,1,83,87,Power Forward,5:59,Vegan,Strength Training,195,1988-11-10
60,11,Starlene Kimbling,5,5,82,61,Small Forward,18:34,Low Carb,Yoga,67,2001-02-07
92,57,Junina Catlow,5,23,97,79,Power Forward,10:23,Vegetarian,Cardio,115,1990-05-01
97,57,Winslow Dalwood,5,25,49,80,Small Forward,14:31,Vegetarian,Pilates,102,2004-07-19
